IC_X_CFG_SIZE:,
18,
IC_Y_CFG_SIZE:,
32,
IC_KEY_CFG_SIZE:,
4,
X_Channel:,
18,
Y_Channel:,
32,
AIN_X:,
0,1,2,3,4,5,6,7,8,9,10,11,12,13,14,15,16,17,
AIN_Y:,
0,1,2,3,4,5,6,7,8,9,10,11,12,13,14,15,16,17,18,19,20,21,22,23,24,25,26,27,28,29,30,31,
AIN_KEY:,
0,1,2,0xFF,
PS_Config_Lmt_Short_Rawdata_P:,
14008,14008,14008,14008,14008,14008,14008,14008,14008,14008,14008,14008,14008,14008,14008,14008,14008,14008,
14008,14008,14008,14008,14008,14008,14008,14008,14008,14008,14008,14008,14008,14008,14008,14008,14008,14008,
14008,14008,14008,14008,14008,14008,14008,14008,14008,14008,14008,14008,14008,14008,14008,14008,14008,14008,
14008,14008,14008,14008,14008,14008,14008,14008,14008,14008,14008,14008,14008,14008,14008,14008,14008,14008,
14008,14008,14008,14008,14008,14008,14008,14008,14008,14008,14008,14008,14008,14008,14008,14008,14008,14008,
14008,14008,14008,14008,14008,14008,14008,14008,14008,14008,14008,14008,14008,14008,14008,14008,14008,14008,
14008,14008,14008,14008,14008,14008,14008,14008,14008,14008,14008,14008,14008,14008,14008,14008,14008,14008,
14008,14008,14008,14008,14008,14008,14008,14008,14008,14008,14008,14008,14008,14008,14008,14008,14008,14008,
14008,14008,14008,14008,14008,14008,14008,14008,14008,14008,14008,14008,14008,14008,14008,14008,14008,14008,
14008,14008,14008,14008,14008,14008,14008,14008,14008,14008,14008,14008,14008,14008,14008,14008,14008,14008,
14008,14008,14008,14008,14008,14008,14008,14008,14008,14008,14008,14008,14008,14008,14008,14008,14008,14008,
14008,14008,14008,14008,14008,14008,14008,14008,14008,14008,14008,14008,14008,14008,14008,14008,14008,14008,
14008,14008,14008,14008,14008,14008,14008,14008,14008,14008,14008,14008,14008,14008,14008,14008,14008,14008,
14008,14008,14008,14008,14008,14008,14008,14008,14008,14008,14008,14008,14008,14008,14008,14008,14008,14008,
14008,14008,14008,14008,14008,14008,14008,14008,14008,14008,14008,14008,14008,14008,14008,14008,14008,14008,
14008,14008,14008,14008,14008,14008,14008,14008,14008,14008,14008,14008,14008,14008,14008,14008,14008,14008,
14008,14008,14008,14008,14008,14008,14008,14008,14008,14008,14008,14008,14008,14008,14008,14008,14008,14008,
14008,14008,14008,14008,14008,14008,14008,14008,14008,14008,14008,14008,14008,14008,14008,14008,14008,14008,
14008,14008,14008,14008,14008,14008,14008,14008,14008,14008,14008,14008,14008,14008,14008,14008,14008,14008,
14008,14008,14008,14008,14008,14008,14008,14008,14008,14008,14008,14008,14008,14008,14008,14008,14008,14008,
14008,14008,14008,14008,14008,14008,14008,14008,14008,14008,14008,14008,14008,14008,14008,14008,14008,14008,
14008,14008,14008,14008,14008,14008,14008,14008,14008,14008,14008,14008,14008,14008,14008,14008,14008,14008,
14008,14008,14008,14008,14008,14008,14008,14008,14008,14008,14008,14008,14008,14008,14008,14008,14008,14008,
14008,14008,14008,14008,14008,14008,14008,14008,14008,14008,14008,14008,14008,14008,14008,14008,14008,14008,
14008,14008,14008,14008,14008,14008,14008,14008,14008,14008,14008,14008,14008,14008,14008,14008,14008,14008,
14008,14008,14008,14008,14008,14008,14008,14008,14008,14008,14008,14008,14008,14008,14008,14008,14008,14008,
14008,14008,14008,14008,14008,14008,14008,14008,14008,14008,14008,14008,14008,14008,14008,14008,14008,14008,
14008,14008,14008,14008,14008,14008,14008,14008,14008,14008,14008,14008,14008,14008,14008,14008,14008,14008,
14008,14008,14008,14008,14008,14008,14008,14008,14008,14008,14008,14008,14008,14008,14008,14008,14008,14008,
14008,14008,14008,14008,14008,14008,14008,14008,14008,14008,14008,14008,14008,14008,14008,14008,14008,14008,
14008,14008,14008,14008,14008,14008,14008,14008,14008,14008,14008,14008,14008,14008,14008,14008,14008,14008,
14008,14008,14008,14008,14008,14008,14008,14008,14008,14008,14008,14008,14008,14008,14008,14008,14008,14008,
PS_Config_Lmt_Short_Rawdata_N:,
10100,10100,10100,10100,10100,10100,10100,10100,10100,10100,10100,10100,10100,10100,10100,10100,10100,10100,
10100,10100,10100,10100,10100,10100,10100,10100,10100,10100,10100,10100,10100,10100,10100,10100,10100,10100,
10100,10100,10100,10100,10100,10100,10100,10100,10100,10100,10100,10100,10100,10100,10100,10100,10100,10100,
10100,10100,10100,10100,10100,10100,10100,10100,10100,10100,10100,10100,10100,10100,10100,10100,10100,10100,
10100,10100,10100,10100,10100,10100,10100,10100,10100,10100,10100,10100,10100,10100,10100,10100,10100,10100,
10100,10100,10100,10100,10100,10100,10100,10100,10100,10100,10100,10100,10100,10100,10100,10100,10100,10100,
10100,10100,10100,10100,10100,10100,10100,10100,10100,10100,10100,10100,10100,10100,10100,10100,10100,10100,
10100,10100,10100,10100,10100,10100,10100,10100,10100,10100,10100,10100,10100,10100,10100,10100,10100,10100,
10100,10100,10100,10100,10100,10100,10100,10100,10100,10100,10100,10100,10100,10100,10100,10100,10100,10100,
10100,10100,10100,10100,10100,10100,10100,10100,10100,10100,10100,10100,10100,10100,10100,10100,10100,10100,
10100,10100,10100,10100,10100,10100,10100,10100,10100,10100,10100,10100,10100,10100,10100,10100,10100,10100,
10100,10100,10100,10100,10100,10100,10100,10100,10100,10100,10100,10100,10100,10100,10100,10100,10100,10100,
10100,10100,10100,10100,10100,10100,10100,10100,10100,10100,10100,10100,10100,10100,10100,10100,10100,10100,
10100,10100,10100,10100,10100,10100,10100,10100,10100,10100,10100,10100,10100,10100,10100,10100,10100,10100,
10100,10100,10100,10100,10100,10100,10100,10100,10100,10100,10100,10100,10100,10100,10100,10100,10100,10100,
10100,10100,10100,10100,10100,10100,10100,10100,10100,10100,10100,10100,10100,10100,10100,10100,10100,10100,
10100,10100,10100,10100,10100,10100,10100,10100,10100,10100,10100,10100,10100,10100,10100,10100,10100,10100,
10100,10100,10100,10100,10100,10100,10100,10100,10100,10100,10100,10100,10100,10100,10100,10100,10100,10100,
10100,10100,10100,10100,10100,10100,10100,10100,10100,10100,10100,10100,10100,10100,10100,10100,10100,10100,
10100,10100,10100,10100,10100,10100,10100,10100,10100,10100,10100,10100,10100,10100,10100,10100,10100,10100,
10100,10100,10100,10100,10100,10100,10100,10100,10100,10100,10100,10100,10100,10100,10100,10100,10100,10100,
10100,10100,10100,10100,10100,10100,10100,10100,10100,10100,10100,10100,10100,10100,10100,10100,10100,10100,
10100,10100,10100,10100,10100,10100,10100,10100,10100,10100,10100,10100,10100,10100,10100,10100,10100,10100,
10100,10100,10100,10100,10100,10100,10100,10100,10100,10100,10100,10100,10100,10100,10100,10100,10100,10100,
10100,10100,10100,10100,10100,10100,10100,10100,10100,10100,10100,10100,10100,10100,10100,10100,10100,10100,
10100,10100,10100,10100,10100,10100,10100,10100,10100,10100,10100,10100,10100,10100,10100,10100,10100,10100,
10100,10100,10100,10100,10100,10100,10100,10100,10100,10100,10100,10100,10100,10100,10100,10100,10100,10100,
10100,10100,10100,10100,10100,10100,10100,10100,10100,10100,10100,10100,10100,10100,10100,10100,10100,10100,
10100,10100,10100,10100,10100,10100,10100,10100,10100,10100,10100,10100,10100,10100,10100,10100,10100,10100,
10100,10100,10100,10100,10100,10100,10100,10100,10100,10100,10100,10100,10100,10100,10100,10100,10100,10100,
10100,10100,10100,10100,10100,10100,10100,10100,10100,10100,10100,10100,10100,10100,10100,10100,10100,10100,
10100,10100,10100,10100,10100,10100,10100,10100,10100,10100,10100,10100,10100,10100,10100,10100,10100,10100,
PS_Config_Lmt_Open_Rawdata_P:,
3233,3226,3144,3037,2909,2845,2736,2625,65535,65535,2552,2649,2719,2766,2862,2909,2940,2974,
3282,3361,3296,3216,3147,3086,3039,2993,2953,2860,2890,2920,2940,2983,3013,3024,3051,3023,
3294,3361,3298,3234,3168,3128,3090,3049,3004,2958,2986,3002,3023,3037,3060,3074,3097,3067,
3326,3416,3359,3287,3220,3177,3135,3094,3055,2965,2988,3003,3023,3037,3072,3090,3111,3077,
3289,3392,3326,3258,3192,3153,3118,3070,3038,3044,3069,3083,3100,3118,3142,3163,3189,3161,
3349,3466,3402,3338,3276,3238,3200,3153,3112,3076,3097,3111,3128,3139,3164,3182,3209,3175,
3315,3359,3287,3227,3163,3107,3084,3034,2992,3076,3108,3132,3135,3175,3210,3220,3259,3102,
3374,3412,3345,3282,3206,3146,3123,3074,3031,3122,3149,3172,3172,3207,3241,3245,3270,3136,
3381,3419,3368,3317,3245,3182,3157,3101,3058,3184,3213,3241,3248,3284,3324,3338,3371,3248,
3437,3469,3410,3347,3269,3210,3182,3125,3080,3192,3221,3248,3251,3284,3318,3328,3346,3244,
3524,3536,3469,3409,3335,3276,3244,3196,3158,3234,3259,3287,3282,3315,3349,3350,3381,3296,
3546,3567,3500,3434,3360,3303,3272,3224,3184,3342,3368,3391,3391,3420,3452,3458,3489,3413,
3609,3613,3542,3483,3419,3366,3331,3287,3240,3349,3373,3403,3402,3438,3475,3476,3508,3444,
3648,3661,3590,3517,3452,3398,3368,3324,3277,3324,3352,3381,3388,3416,3452,3452,3490,3436,
3696,3699,3629,3576,3507,3450,3420,3361,3315,3367,3399,3429,3441,3473,3506,3513,3545,3499,
3755,3772,3704,3634,3564,3507,3475,3422,3378,3430,3458,3485,3496,3522,3553,3559,3583,3542,
3829,3835,3758,3695,3613,3557,3528,3473,3437,3508,3539,3566,3570,3602,3641,3644,3678,3651,
3861,3867,3802,3737,3667,3609,3578,3525,3486,3507,3534,3564,3569,3599,3630,3641,3674,3651,
3947,3965,3891,3822,3746,3690,3644,3595,3550,3570,3588,3626,3633,3661,3703,3709,3735,3702,
4004,4014,3948,3879,3805,3755,3709,3661,3609,3618,3646,3672,3682,3709,3744,3753,3783,3766,
4019,4035,3966,3903,3829,3786,3749,3703,3651,3707,3738,3767,3783,3812,3850,3858,3891,3870,
4085,4094,4026,3947,3870,3808,3769,3711,3661,3696,3727,3752,3755,3780,3814,3830,3856,3846,
4162,4172,4110,4050,3970,3914,3878,3812,3767,3811,3843,3868,3879,3905,3945,3962,4000,3989,
4243,4248,4166,4092,4015,3965,3926,3870,3833,3839,3865,3895,3917,3949,3989,4010,4045,4029,
4281,4298,4220,4151,4070,4012,3976,3916,3874,3881,3905,3940,3952,3983,4033,4053,4102,4080,
4313,4329,4252,4185,4113,4061,4018,3965,3912,3927,3958,3989,4005,4032,4077,4092,4134,4117,
4362,4382,4308,4235,4162,4115,4067,4012,3963,3959,3984,4018,4038,4061,4102,4122,4168,4150,
4469,4497,4430,4361,4277,4222,4175,4110,4063,3997,4022,4064,4087,4110,4158,4175,4206,4190,
4547,4570,4497,4428,4340,4278,4231,4165,4113,4085,4112,4150,4172,4197,4236,4253,4292,4273,
4178,4547,4473,4393,4312,4255,4204,4136,4088,4066,4095,4134,4165,4192,4243,4270,4306,3997,
4227,4613,4551,4476,4397,4334,4288,4229,4171,4124,4159,4200,4224,4259,4312,4344,4386,4049,
4284,4670,4717,4640,4558,4495,4435,4379,4336,4234,4267,4301,4325,4351,4396,4424,4364,4060,
PS_Config_Lmt_Open_Rawdata_N:,
1385,1382,1348,1301,1247,1219,1172,1125,-65535,-65535,1094,1135,1165,1186,1226,1247,1260,1274,
1406,1441,1412,1378,1349,1322,1303,1283,1265,1226,1238,1252,1260,1279,1291,1296,1307,1295,
1412,1441,1414,1386,1358,1340,1324,1307,1288,1268,1280,1286,1295,1301,1312,1318,1327,1315,
1426,1464,1439,1409,1380,1361,1343,1326,1309,1271,1280,1287,1295,1301,1316,1324,1333,1319,
1409,1454,1426,1396,1368,1351,1336,1316,1302,1304,1315,1321,1328,1336,1346,1355,1367,1355,
1435,1486,1458,1430,1404,1388,1372,1351,1334,1318,1327,1333,1340,1345,1356,1364,1375,1361,
1421,1439,1409,1383,1355,1331,1322,1300,1282,1318,1332,1342,1343,1361,1376,1380,1397,1330,
1446,1462,1433,1406,1374,1348,1339,1318,1299,1338,1349,1360,1360,1375,1389,1391,1402,1344,
1449,1465,1444,1421,1391,1364,1353,1329,1310,1364,1377,1389,1392,1408,1424,1430,1445,1392,
1473,1487,1462,1435,1401,1376,1364,1339,1320,1368,1381,1392,1393,1408,1422,1426,1434,1390,
1510,1516,1487,1461,1429,1404,1390,1370,1354,1386,1397,1409,1406,1421,1435,1436,1449,1412,
1520,1529,1500,1472,1440,1415,1402,1382,1364,1432,1444,1453,1453,1466,1480,1482,1495,1463,
1547,1549,1518,1493,1465,1442,1427,1409,1388,1435,1445,1459,1458,1474,1489,1490,1504,1476,
1564,1569,1538,1507,1480,1456,1444,1424,1405,1424,1436,1449,1452,1464,1480,1480,1496,1472,
1584,1585,1555,1532,1503,1478,1466,1441,1421,1443,1457,1469,1475,1489,1502,1505,1519,1499,
1609,1616,1588,1558,1528,1503,1489,1466,1448,1470,1482,1493,1498,1510,1523,1525,1535,1518,
1641,1643,1610,1583,1549,1525,1512,1489,1473,1504,1517,1528,1530,1544,1561,1562,1576,1565,
1655,1657,1630,1601,1571,1547,1534,1511,1494,1503,1514,1528,1529,1543,1556,1561,1574,1565,
1691,1699,1667,1638,1606,1582,1562,1541,1522,1530,1538,1554,1557,1569,1587,1589,1601,1586,
1716,1720,1692,1663,1631,1609,1589,1569,1547,1550,1562,1574,1578,1589,1604,1609,1621,1614,
1723,1729,1700,1673,1641,1622,1607,1587,1565,1589,1602,1615,1621,1634,1650,1654,1667,1658,
1751,1754,1726,1691,1658,1632,1615,1591,1569,1584,1597,1608,1609,1620,1634,1642,1652,1648,
1784,1788,1762,1736,1702,1678,1662,1634,1615,1633,1647,1658,1663,1673,1691,1698,1714,1709,
1819,1820,1786,1754,1721,1699,1682,1658,1643,1645,1657,1669,1679,1693,1709,1718,1733,1727,
1835,1842,1808,1779,1744,1720,1704,1678,1660,1663,1673,1688,1694,1707,1729,1737,1758,1748,
1849,1855,1822,1793,1763,1741,1722,1699,1676,1683,1696,1709,1717,1728,1747,1754,1772,1765,
1870,1878,1846,1815,1784,1763,1743,1720,1699,1697,1708,1722,1730,1741,1758,1766,1786,1778,
1915,1927,1898,1869,1833,1810,1789,1762,1741,1713,1724,1742,1751,1762,1782,1789,1802,1796,
1949,1958,1927,1898,1860,1834,1813,1785,1763,1751,1762,1778,1788,1799,1816,1823,1840,1831,
1790,1949,1917,1883,1848,1823,1802,1772,1752,1742,1755,1772,1785,1796,1819,1830,1846,1713,
1811,1977,1951,1918,1885,1858,1838,1813,1787,1768,1783,1800,1810,1825,1848,1862,1880,1735,
1836,2002,2021,1988,1954,1927,1901,1877,1858,1814,1829,1843,1853,1865,1884,1896,1870,1740,
PS_Config_Lmt_FW_Rawdata_P:,
1117,1130,1120,1120,1114,1114,1127,1117,65535,65535,1130,1120,1121,1120,1123,1109,1117,1106,
1121,1116,1113,1124,1121,1109,1127,1117,1110,1114,1128,1117,1114,1126,1131,1120,1123,1113,
1119,1105,1124,1117,1110,1123,1130,1127,1114,1127,1119,1121,1128,1128,1124,1128,1120,1121,
1121,1114,1121,1121,1123,1124,1119,1123,1120,1105,1116,1113,1131,1127,1128,1130,1127,1117,
1121,1121,1123,1119,1128,1124,1119,1109,1126,1113,1117,1126,1124,1130,1133,1117,1121,1127,
1133,1123,1128,1131,1133,1135,1127,1123,1114,1116,1120,1121,1119,1123,1124,1123,1123,1131,
1124,1124,1107,1110,1128,1126,1127,1120,1114,1124,1126,1123,1121,1124,1120,1114,1121,1116,
1120,1113,1127,1126,1114,1117,1114,1112,1117,1121,1120,1123,1121,1121,1128,1135,1120,1121,
1127,1113,1113,1106,1120,1140,1126,1117,1117,1119,1133,1133,1133,1120,1127,1109,1123,1116,
1134,1119,1124,1121,1121,1106,1116,1120,1123,1123,1113,1110,1114,1123,1124,1105,1124,1114,
1117,1120,1114,1123,1124,1110,1116,1121,1124,1116,1133,1135,1131,1128,1117,1130,1130,1116,
1135,1114,1114,1126,1106,1098,1099,1110,1124,1124,1121,1119,1126,1119,1128,1112,1116,1121,
1120,1116,1109,1127,1114,1113,1116,1119,1128,1119,1127,1127,1121,1123,1119,1133,1131,1109,
1120,1117,1130,1117,1114,1106,1110,1107,1119,1123,1124,1123,1123,1124,1110,1123,1113,1133,
1123,1116,1120,1116,1123,1127,1128,1120,1114,1120,1123,1126,1130,1140,1127,1112,1124,1128,
1130,1117,1131,1113,1127,1121,1123,1116,1130,1123,1109,1114,1117,1131,1134,1130,1120,1126,
1123,1114,1130,1133,1133,1128,1126,1126,1127,1123,1119,1119,1112,1121,1131,1112,1134,1133,
1116,1114,1134,1130,1124,1121,1116,1114,1124,1127,1124,1112,1119,1130,1130,1112,1123,1126,
1119,1130,1106,1120,1117,1119,1130,1127,1117,1130,1120,1116,1128,1130,1126,1114,1114,1117,
1126,1126,1120,1128,1124,1120,1116,1123,1120,1110,1128,1131,1130,1128,1110,1131,1128,1112,
1106,1116,1130,1114,1117,1112,1112,1110,1123,1127,1109,1114,1116,1131,1130,1120,1114,1113,
1120,1113,1124,1128,1127,1121,1121,1120,1130,1133,1114,1112,1121,1126,1133,1133,1114,1119,
1116,1119,1131,1126,1114,1116,1123,1117,1120,1126,1120,1121,1120,1119,1120,1131,1113,1130,
1127,1123,1121,1117,1124,1124,1121,1117,1119,1127,1117,1126,1134,1116,1127,1107,1124,1127,
1116,1117,1131,1127,1121,1127,1128,1123,1127,1123,1128,1127,1112,1117,1120,1121,1116,1127,
1109,1138,1124,1123,1134,1130,1127,1128,1119,1130,1124,1112,1113,1117,1117,1140,1105,1119,
1112,1134,1117,1133,1134,1134,1128,1123,1109,1131,1120,1120,1116,1112,1127,1121,1120,1123,
1114,1120,1133,1130,1124,1116,1123,1120,1128,1117,1119,1127,1135,1134,1123,1119,1110,1124,
1120,1124,1124,1128,1121,1126,1126,1126,1106,1110,1126,1126,1114,1117,1130,1124,1114,1110,
1103,1120,1117,1120,1120,1123,1119,1114,1127,1117,1124,1117,1123,1128,1124,1114,1134,1109,
1123,1112,1121,1127,1123,1124,1121,1119,1130,1107,1130,1133,1121,1116,1130,1109,1119,1119,
1123,1135,1119,1120,1124,1131,1130,1124,1120,1116,1134,1135,1116,1120,1109,1120,1121,1126,
PS_Config_Lmt_FW_Rawdata_N:,
479,484,480,480,478,478,483,479,-65535,-65535,484,480,481,480,481,475,479,474,
481,478,477,482,481,475,483,479,476,478,484,479,478,482,485,480,481,477,
479,473,482,479,476,481,484,483,478,483,479,481,484,484,482,484,480,481,
481,478,481,481,481,482,479,481,480,473,478,477,485,483,484,484,483,479,
481,481,481,479,484,482,479,475,482,477,479,482,482,484,485,479,481,483,
485,481,484,485,485,487,483,481,478,478,480,481,479,481,482,481,481,485,
482,482,475,476,484,482,483,480,478,482,482,481,481,482,480,478,481,478,
480,477,483,482,478,479,478,476,479,481,480,481,481,481,484,487,480,481,
483,477,477,474,480,488,482,479,479,479,485,485,485,480,483,475,481,478,
486,479,482,481,481,474,478,480,481,481,477,476,478,481,482,473,482,478,
479,480,478,481,482,476,478,481,482,478,485,487,485,484,479,484,484,478,
487,478,478,482,474,470,471,476,482,482,481,479,482,479,484,476,478,481,
480,478,475,483,478,477,478,479,484,479,483,483,481,481,479,485,485,475,
480,479,484,479,478,474,476,475,479,481,482,481,481,482,476,481,477,485,
481,478,480,478,481,483,484,480,478,480,481,482,484,488,483,476,482,484,
484,479,485,477,483,481,481,478,484,481,475,478,479,485,486,484,480,482,
481,478,484,485,485,484,482,482,483,481,479,479,476,481,485,476,486,485,
478,478,486,484,482,481,478,478,482,483,482,476,479,484,484,476,481,482,
479,484,474,480,479,479,484,483,479,484,480,478,484,484,482,478,478,479,
482,482,480,484,482,480,478,481,480,476,484,485,484,484,476,485,484,476,
474,478,484,478,479,476,476,476,481,483,475,478,478,485,484,480,478,477,
480,477,482,484,483,481,481,480,484,485,478,476,481,482,485,485,478,479,
478,479,485,482,478,478,481,479,480,482,480,481,480,479,480,485,477,484,
483,481,481,479,482,482,481,479,479,483,479,482,486,478,483,475,482,483,
478,479,485,483,481,483,484,481,483,481,484,483,476,479,480,481,478,483,
475,488,482,481,486,484,483,484,479,484,482,476,477,479,479,488,473,479,
476,486,479,485,486,486,484,481,475,485,480,480,478,476,483,481,480,481,
478,480,485,484,482,478,481,480,484,479,479,483,487,486,481,479,476,482,
480,482,482,484,481,482,482,482,474,476,482,482,478,479,484,482,478,476,
473,480,479,480,480,481,479,478,483,479,482,479,481,484,482,478,486,475,
481,476,481,483,481,482,481,479,484,475,484,485,481,478,484,475,479,479,
481,487,479,480,482,485,484,482,480,478,486,487,478,480,475,480,481,482,
PS_Config_Lmt_FW_CC_P:,
144,144,137,135,132,130,127,127,65535,65535,127,127,131,134,135,137,144,144,
144,144,137,134,134,132,131,130,132,132,130,131,132,134,134,137,144,142,
142,142,135,132,132,131,131,131,132,134,132,132,134,134,134,137,144,145,
144,142,137,134,132,132,132,132,134,135,132,134,134,134,135,137,144,145,
144,144,137,134,134,134,132,132,135,135,134,134,134,134,135,137,144,145,
145,145,138,135,135,135,135,135,137,137,135,135,135,135,137,139,145,146,
145,144,138,132,131,131,131,131,132,132,132,132,132,132,134,139,145,145,
144,142,135,128,128,128,128,128,128,131,130,130,131,131,131,138,145,144,
144,142,137,131,128,128,128,128,130,132,132,131,131,132,132,138,144,145,
142,141,135,128,128,128,128,128,128,131,130,128,128,130,130,137,142,144,
146,144,137,131,130,130,130,130,131,131,128,128,128,130,130,137,144,145,
142,142,135,128,128,128,128,128,130,132,132,132,132,132,132,138,145,145,
145,142,137,130,130,130,130,130,130,132,131,131,131,131,132,138,144,145,
144,142,135,130,128,128,128,128,130,131,130,130,130,130,130,135,144,144,
145,142,135,130,128,128,128,128,130,131,130,130,130,131,131,137,144,146,
144,141,135,130,128,128,128,128,130,132,130,130,130,131,131,137,144,145,
145,142,135,130,128,128,128,128,130,132,131,131,131,131,132,137,144,146,
145,142,135,130,130,128,128,130,131,132,130,131,131,131,131,137,144,146,
145,142,135,130,130,130,128,130,131,134,132,132,132,132,134,137,145,146,
146,142,135,131,130,130,130,130,131,132,130,130,130,131,131,135,144,146,
145,142,135,130,130,130,130,130,131,134,132,132,132,132,134,137,145,148,
146,144,137,132,131,131,131,131,132,132,131,131,131,132,132,137,144,146,
149,146,139,135,135,135,135,135,137,137,135,135,135,135,135,139,146,149,
149,145,138,134,134,134,134,134,135,135,134,135,135,135,135,139,146,150,
149,145,138,135,134,134,134,134,135,137,134,135,135,135,135,139,146,149,
150,146,139,135,135,135,134,134,137,135,134,134,135,135,135,139,146,149,
149,145,138,135,135,135,134,134,135,135,134,134,135,135,135,139,146,149,
149,145,138,135,134,134,134,134,135,135,134,134,135,135,135,138,146,149,
152,145,138,135,135,135,135,135,137,135,134,134,134,135,135,138,145,152,
145,144,135,132,131,131,131,131,134,135,132,134,134,134,134,138,145,146,
144,144,135,131,130,130,130,130,132,135,132,132,132,134,134,137,145,146,
141,144,137,134,134,134,134,134,135,135,132,132,132,132,134,137,144,141,
PS_Config_Lmt_FW_CC_N:,
64,64,61,61,60,58,57,57,-65535,-65535,57,57,59,60,61,61,64,64,
64,64,61,60,60,60,59,58,60,60,58,59,60,60,60,61,64,64,
64,64,61,60,60,59,59,59,60,60,60,60,60,60,60,61,64,65,
64,64,61,60,60,60,60,60,60,61,60,60,60,60,61,61,64,65,
64,64,61,60,60,60,60,60,61,61,60,60,60,60,61,61,64,65,
65,65,62,61,61,61,61,61,61,61,61,61,61,61,61,63,65,66,
65,64,62,60,59,59,59,59,60,60,60,60,60,60,60,63,65,65,
64,64,61,58,58,58,58,58,58,59,58,58,59,59,59,62,65,64,
64,64,61,59,58,58,58,58,58,60,60,59,59,60,60,62,64,65,
64,63,61,58,58,58,58,58,58,59,58,58,58,58,58,61,64,64,
66,64,61,59,58,58,58,58,59,59,58,58,58,58,58,61,64,65,
64,64,61,58,58,58,58,58,58,60,60,60,60,60,60,62,65,65,
65,64,61,58,58,58,58,58,58,60,59,59,59,59,60,62,64,65,
64,64,61,58,58,58,58,58,58,59,58,58,58,58,58,61,64,64,
65,64,61,58,58,58,58,58,58,59,58,58,58,59,59,61,64,66,
64,63,61,58,58,58,58,58,58,60,58,58,58,59,59,61,64,65,
65,64,61,58,58,58,58,58,58,60,59,59,59,59,60,61,64,66,
65,64,61,58,58,58,58,58,59,60,58,59,59,59,59,61,64,66,
65,64,61,58,58,58,58,58,59,60,60,60,60,60,60,61,65,66,
66,64,61,59,58,58,58,58,59,60,58,58,58,59,59,61,64,66,
65,64,61,58,58,58,58,58,59,60,60,60,60,60,60,61,65,66,
66,64,61,60,59,59,59,59,60,60,59,59,59,60,60,61,64,66,
67,66,63,61,61,61,61,61,61,61,61,61,61,61,61,63,66,67,
67,65,62,60,60,60,60,60,61,61,60,61,61,61,61,63,66,68,
67,65,62,61,60,60,60,60,61,61,60,61,61,61,61,63,66,67,
68,66,63,61,61,61,60,60,61,61,60,60,61,61,61,63,66,67,
67,65,62,61,61,61,60,60,61,61,60,60,61,61,61,63,66,67,
67,65,62,61,60,60,60,60,61,61,60,60,61,61,61,62,66,67,
68,65,62,61,61,61,61,61,61,61,60,60,60,61,61,62,65,68,
65,64,61,60,59,59,59,59,60,61,60,60,60,60,60,62,65,66,
64,64,61,59,58,58,58,58,60,61,60,60,60,60,60,61,65,66,
63,64,61,60,60,60,60,60,61,61,60,60,60,60,60,61,64,63,
PS_Config_Lmt_FW_Diff_P:,
50,50,50,50,50,50,50,50,65535,65535,50,50,50,50,50,50,50,50,
50,50,50,50,50,50,50,50,50,50,50,50,50,50,50,50,50,50,
50,50,50,50,50,50,50,50,50,50,50,50,50,50,50,50,50,50,
50,50,50,50,50,50,50,50,50,50,50,50,50,50,50,50,50,50,
50,50,50,50,50,50,50,50,50,50,50,50,50,50,50,50,50,50,
50,50,50,50,50,50,50,50,50,50,50,50,50,50,50,50,50,50,
50,50,50,50,50,50,50,50,50,50,50,50,50,50,50,50,50,50,
50,50,50,50,50,50,50,50,50,50,50,50,50,50,50,50,50,50,
50,50,50,50,50,50,50,50,50,50,50,50,50,50,50,50,50,50,
50,50,50,50,50,50,50,50,50,50,50,50,50,50,50,50,50,50,
50,50,50,50,50,50,50,50,50,50,50,50,50,50,50,50,50,50,
50,50,50,50,50,50,50,50,50,50,50,50,50,50,50,50,50,50,
50,50,50,50,50,50,50,50,50,50,50,50,50,50,50,50,50,50,
50,50,50,50,50,50,50,50,50,50,50,50,50,50,50,50,50,50,
50,50,50,50,50,50,50,50,50,50,50,50,50,50,50,50,50,50,
50,50,50,50,50,50,50,50,50,50,50,50,50,50,50,50,50,50,
50,50,50,50,50,50,50,50,50,50,50,50,50,50,50,50,50,50,
50,50,50,50,50,50,50,50,50,50,50,50,50,50,50,50,50,50,
50,50,50,50,50,50,50,50,50,50,50,50,50,50,50,50,50,50,
50,50,50,50,50,50,50,50,50,50,50,50,50,50,50,50,50,50,
50,50,50,50,50,50,50,50,50,50,50,50,50,50,50,50,50,50,
50,50,50,50,50,50,50,50,50,50,50,50,50,50,50,50,50,50,
50,50,50,50,50,50,50,50,50,50,50,50,50,50,50,50,50,50,
50,50,50,50,50,50,50,50,50,50,50,50,50,50,50,50,50,50,
50,50,50,50,50,50,50,50,50,50,50,50,50,50,50,50,50,50,
50,50,50,50,50,50,50,50,50,50,50,50,50,50,50,50,50,50,
50,50,50,50,50,50,50,50,50,50,50,50,50,50,50,50,50,50,
50,50,50,50,50,50,50,50,50,50,50,50,50,50,50,50,50,50,
50,50,50,50,50,50,50,50,50,50,50,50,50,50,50,50,50,50,
50,50,50,50,50,50,50,50,50,50,50,50,50,50,50,50,50,50,
50,50,50,50,50,50,50,50,50,50,50,50,50,50,50,50,50,50,
50,50,50,50,50,50,50,50,50,50,50,50,50,50,50,50,50,50,
PS_Config_Lmt_FW_Diff_N:,
-50,-50,-50,-50,-50,-50,-50,-50,-65535,-65535,-50,-50,-50,-50,-50,-50,-50,-50,
-50,-50,-50,-50,-50,-50,-50,-50,-50,-50,-50,-50,-50,-50,-50,-50,-50,-50,
-50,-50,-50,-50,-50,-50,-50,-50,-50,-50,-50,-50,-50,-50,-50,-50,-50,-50,
-50,-50,-50,-50,-50,-50,-50,-50,-50,-50,-50,-50,-50,-50,-50,-50,-50,-50,
-50,-50,-50,-50,-50,-50,-50,-50,-50,-50,-50,-50,-50,-50,-50,-50,-50,-50,
-50,-50,-50,-50,-50,-50,-50,-50,-50,-50,-50,-50,-50,-50,-50,-50,-50,-50,
-50,-50,-50,-50,-50,-50,-50,-50,-50,-50,-50,-50,-50,-50,-50,-50,-50,-50,
-50,-50,-50,-50,-50,-50,-50,-50,-50,-50,-50,-50,-50,-50,-50,-50,-50,-50,
-50,-50,-50,-50,-50,-50,-50,-50,-50,-50,-50,-50,-50,-50,-50,-50,-50,-50,
-50,-50,-50,-50,-50,-50,-50,-50,-50,-50,-50,-50,-50,-50,-50,-50,-50,-50,
-50,-50,-50,-50,-50,-50,-50,-50,-50,-50,-50,-50,-50,-50,-50,-50,-50,-50,
-50,-50,-50,-50,-50,-50,-50,-50,-50,-50,-50,-50,-50,-50,-50,-50,-50,-50,
-50,-50,-50,-50,-50,-50,-50,-50,-50,-50,-50,-50,-50,-50,-50,-50,-50,-50,
-50,-50,-50,-50,-50,-50,-50,-50,-50,-50,-50,-50,-50,-50,-50,-50,-50,-50,
-50,-50,-50,-50,-50,-50,-50,-50,-50,-50,-50,-50,-50,-50,-50,-50,-50,-50,
-50,-50,-50,-50,-50,-50,-50,-50,-50,-50,-50,-50,-50,-50,-50,-50,-50,-50,
-50,-50,-50,-50,-50,-50,-50,-50,-50,-50,-50,-50,-50,-50,-50,-50,-50,-50,
-50,-50,-50,-50,-50,-50,-50,-50,-50,-50,-50,-50,-50,-50,-50,-50,-50,-50,
-50,-50,-50,-50,-50,-50,-50,-50,-50,-50,-50,-50,-50,-50,-50,-50,-50,-50,
-50,-50,-50,-50,-50,-50,-50,-50,-50,-50,-50,-50,-50,-50,-50,-50,-50,-50,
-50,-50,-50,-50,-50,-50,-50,-50,-50,-50,-50,-50,-50,-50,-50,-50,-50,-50,
-50,-50,-50,-50,-50,-50,-50,-50,-50,-50,-50,-50,-50,-50,-50,-50,-50,-50,
-50,-50,-50,-50,-50,-50,-50,-50,-50,-50,-50,-50,-50,-50,-50,-50,-50,-50,
-50,-50,-50,-50,-50,-50,-50,-50,-50,-50,-50,-50,-50,-50,-50,-50,-50,-50,
-50,-50,-50,-50,-50,-50,-50,-50,-50,-50,-50,-50,-50,-50,-50,-50,-50,-50,
-50,-50,-50,-50,-50,-50,-50,-50,-50,-50,-50,-50,-50,-50,-50,-50,-50,-50,
-50,-50,-50,-50,-50,-50,-50,-50,-50,-50,-50,-50,-50,-50,-50,-50,-50,-50,
-50,-50,-50,-50,-50,-50,-50,-50,-50,-50,-50,-50,-50,-50,-50,-50,-50,-50,
-50,-50,-50,-50,-50,-50,-50,-50,-50,-50,-50,-50,-50,-50,-50,-50,-50,-50,
-50,-50,-50,-50,-50,-50,-50,-50,-50,-50,-50,-50,-50,-50,-50,-50,-50,-50,
-50,-50,-50,-50,-50,-50,-50,-50,-50,-50,-50,-50,-50,-50,-50,-50,-50,-50,
-50,-50,-50,-50,-50,-50,-50,-50,-50,-50,-50,-50,-50,-50,-50,-50,-50,-50,
PS_Config_Diff_Test_Frame:,
50,
